{
  "rounds": [
    1,
    1,
    2,
    2
  ],
  "f1_scores": [
    0.85,
    0.85,
    0.85,
    0.85
  ],
  "precisions": [
    0.8263287696221329,
    0.8993235569815211,
    0.9084003483037821,
    0.8673155773094859
  ],
  "recalls": [
    0.8971354989217504,
    0.8065769210632927,
    0.9165433541326632,
    0.8634056934761318
  ],
  "best_f1": 0.85,
  "avg_f1": 0.85
}