{
  "rounds": [
    1,
    1,
    2,
    2
  ],
  "f1_scores": [
    1.0,
    1.0,
    1.0,
    1.0
  ],
  "precisions": [
    0.9215722048693189,
    0.9270118678964105,
    0.9494566306802723,
    0.9133715554643298
  ],
  "recalls": [
    0.8176483446510044,
    0.8640052531976314,
    0.8107193624220999,
    0.8656813693631389
  ],
  "best_f1": 1.0,
  "avg_f1": 1.0
}