{
  "rounds": [
    1,
    1,
    2,
    2
  ],
  "f1_scores": [
    1.0,
    1.0,
    0.9473684210526316,
    1.0
  ],
  "precisions": [
    0.9323807116788032,
    0.8051910824126214,
    0.8873176829585874,
    0.8022664491007476
  ],
  "recalls": [
    0.832361611461223,
    0.8834040416844107,
    0.9040607646092784,
    0.7715314015416315
  ],
  "best_f1": 1.0,
  "avg_f1": 0.986842105263158
}