{
  "rounds": [
    1,
    1,
    2,
    2
  ],
  "f1_scores": [
    0.7852404701379031,
    0.7544688848465875,
    0.8287314686519512,
    0.9159675372818127
  ],
  "precisions": [
    0.8140511152019768,
    0.8968509194689059,
    0.8787440580906617,
    0.842175239887384
  ],
  "recalls": [
    0.825365612420617,
    0.8304522917034127,
    0.8246142318617078,
    0.7604737688326179
  ],
  "best_f1": 0.9159675372818127,
  "avg_f1": 0.8211020902295636
}