{
  "rounds": [
    1,
    1,
    2,
    2,
    3
  ],
  "f1_scores": [
    0.7764435803760864,
    0.9408238029276018,
    0.7635597419270547,
    0.9319122046404901,
    0.7631520414654335
  ],
  "precisions": [
    0.8600303040139003,
    0.9032645397290312,
    0.8613147710570599,
    0.8464613735946666,
    0.8905207208250766
  ],
  "recalls": [
    0.8819421995731425,
    0.8041719169781355,
    0.8686996853566562,
    0.7648362606241417,
    0.9115550694954944
  ],
  "best_f1": 0.9408238029276018,
  "avg_f1": 0.8351782742673333
}